customer_id,txn_count,total_amount,avg_amount,max_amount,unique_counterparties,velocity_mean,velocity_max,fan_out,segment,seg_avg_amount,seg_avg_count,amount_deviation,count_deviation,anomaly_score,is_anomaly,R_e,high_risk
CUST_00052,14,807339.67,57667.11928571429,789762.17,14,1.0,1,14,Retail,4601.039833835117,10.101639344262296,11.533497069533816,0.3859136261916079,0.1299711011856005,True,0.7246373887124992,True
CUST_00101,6,283445.73,47240.954999999994,247817.09,6,1.0,1,6,HNW,2351.45646732191,10.303030303030303,19.090082736982566,-0.4176470182872012,0.12259686059437913,True,0.7085660299312635,True
CUST_00129,13,1426059.34,109696.87230769232,1422703.01,13,1.0,1,13,Small Business,3107.062346840979,9.364583333333334,34.30565531937844,0.388209079790799,0.18608296014459036,True,0.8469271087259138,True
CUST_00229,17,4822640.720000001,283684.74823529413,4797669.95,16,1.0,1,16,Retail,4601.039833835117,10.101639344262296,60.656659889896446,0.6828950963054189,0.256319481126682,True,1.0,True
CUST_00382,9,1063413.83,118157.09222222223,1017065.15,9,1.0,1,9,Retail,4601.039833835117,10.101639344262296,24.680519287974498,-0.10905549066474375,0.1933632362859029,True,0.8627936821643761,True
